{
    "message": "Success",
    "data": {
        "accountNo": "2050007000466602",
        "accountType": "EC",
        "accountTitle": "Random",
        "deceasedOrLiquiDated": "N",
        "prestigeCustomer": "N",
        "accountStatusBlocked": "N",
        "accountStatusInactive": "N",
        "accountClosing": "N",
        "adviceAllCredit": "N",
        "adviceAllDebit": "N",
        "advicescai66": "N",
        "advicescai96": "N",
        "accountCurrency": "MVR",
        "accountBranchCode": "2050",
        "hasCheckBook": "Y",
        "hasOverDraft": "N",
        "hasJointAccount": "N",
        "isMinorAccount": "N",
        "hasSiFacility": "N",
        "productName": "SAVING DEPOSITS",
        "infoMessage": "Successfull",
        "responseCode": "0000000",
        "availableBalance": "00000000636399865",
        "fullName": "Random",
        "email1": "alii.ishtiaq21@gmail.com",
        "email2": "",
        "mobieleNo": "009609720726",
        "busstel": "",
        "tradeLicExp": "N",
        "customerAddress1": "Random Block",
        "customerAddress2": "Unknown Street",
        "customerAddress3": "Test Area"
    }
}